platform_key,amenity_id,venue_id,ref,name_en,latitude,longitude,z_value
317e8046-6466-4c8f-9d3b-228b2494c28c_platform_2,4539141c-023c-4d65-a3c0-35b740ed8fad,317e8046-6466-4c8f-9d3b-228b2494c28c,2,Platform 2 to City,22.31594991000003,113.93656166000005,12.14999999999418
317e8046-6466-4c8f-9d3b-228b2494c28c_platform_1,cd01dd4c-5dee-49ef-a38d-2e78f9100437,317e8046-6466-4c8f-9d3b-228b2494c28c,1,Platform 1 to AsiaWorld-Expo,22.315927780000038,113.9365105600001,16.94999999999709
e0b46dd5-03c0-47b9-bca8-5a0e3e7d8a23_platform_1,1033bcf7-948b-4730-947c-ffe1d1238554,e0b46dd5-03c0-47b9-bca8-5a0e3e7d8a23,1,Platform 1 Tseung Kwan O Line to Po Lam/ LOHAS Park,22.307423820000054,114.25987261000012,-2.0599999999976717
e0b46dd5-03c0-47b9-bca8-5a0e3e7d8a23_platform_2,8f6f008d-a41c-4104-b415-e9fcad37a5f2,e0b46dd5-03c0-47b9-bca8-5a0e3e7d8a23,2,Platform 2 Tseung Kwan O Line to North Point,22.30732261000003,114.25995996000006,-2.0599999999976717
702fd880-192f-49a0-9daf-ad10c7eae5af_platform_2,cc1a2c40-0424-4670-bd97-7bf134bac5df,702fd880-192f-49a0-9daf-ad10c7eae5af,2,Platform 2 Island Line to Kennedy Town,22.282258520000028,114.19191150000006,-25.10000000000582
702fd880-192f-49a0-9daf-ad10c7eae5af_platform_1,ac6643a3-efa6-4c4c-9468-c84bb9d86ee7,702fd880-192f-49a0-9daf-ad10c7eae5af,1,Platform 1 Island Line to Chai Wan,22.282261660000074,114.19184956000004,-14.10000000000582
ebbf8c2d-07ba-4a88-a964-56135c58efd8_platform_2,e28a856a-c07a-40d8-a498-6428f11744d9,ebbf8c2d-07ba-4a88-a964-56135c58efd8,2,Platform 2 Tung Chung Line to Hong Kong,22.33198594000004,114.02880113000003,7.80000000000291
ebbf8c2d-07ba-4a88-a964-56135c58efd8_platform_1,dbc7b9ad-9a5a-46db-a0d9-407e4d620e8a,ebbf8c2d-07ba-4a88-a964-56135c58efd8,1,Platform 1 Tung Chung Line to Tung Chung,22.33185111000006,114.02894091000007,7.80000000000291
ebbf8c2d-07ba-4a88-a964-56135c58efd8_platform_3,fa281e18-c40f-468b-9410-deae2f891f93,ebbf8c2d-07ba-4a88-a964-56135c58efd8,3,Platform 3 Disneyland Resort Line to Disneyland Resort,22.33175448000003,114.02904261000003,7.80000000000291
058fd3b2-9bcf-48dd-b641-8c2465739e0e_platform_1,4e267cfc-490e-4e3f-b937-91ebae144bf5,058fd3b2-9bcf-48dd-b641-8c2465739e0e,1,Platform 1 Tsuen Wan Line to Tsuen Wan,22.330796280000072,114.1621560100001,-11.0
058fd3b2-9bcf-48dd-b641-8c2465739e0e_platform_2,c79e779c-97d8-4d12-bb9d-46d9e7ca8d8d,058fd3b2-9bcf-48dd-b641-8c2465739e0e,2,Platform 2 Tsuen Wan Line to Central,22.33086517000004,114.16221540000004,-11.0
7484e00c-834d-4c13-a14b-13c5fef29415_platform_2,3f84ae81-2d39-4955-878c-f72386925cb7,7484e00c-834d-4c13-a14b-13c5fef29415,2,Platform 2  Kwun Tong  Line to Whampoa,22.297863380000024,114.23721924000006,8.39999999999418
7484e00c-834d-4c13-a14b-13c5fef29415_platform_3,fea6dd02-4160-439b-9eb8-a838018e1cbb,7484e00c-834d-4c13-a14b-13c5fef29415,3,Platform 3 Tseung Kwan O Line to Po Lam / LOHAS Park,22.297739940000042,114.23716077000006,8.39999999999418
7484e00c-834d-4c13-a14b-13c5fef29415_platform_4,1d5ebfce-6262-4b47-87f9-5d7a3242ffcf,7484e00c-834d-4c13-a14b-13c5fef29415,4,Platform 4 Tseung Kwan O Line to North Point,22.297777490000044,114.2371219900001,0.39999999999417923
7484e00c-834d-4c13-a14b-13c5fef29415_platform_1,2f8407b2-bc94-4b43-9e78-92dbdf4c2026,7484e00c-834d-4c13-a14b-13c5fef29415,1,Platform 1 Kwun Tong Line to Tiu Keng Leng,22.297856710000076,114.23723639000002,0.39999999999417923
b891c479-a877-4618-869a-a1c9804390e4_platform_1,20968ae2-bf51-43c0-b39b-430598e3b9ee,b891c479-a877-4618-869a-a1c9804390e4,1,Platform 1 Island Line to Chai Wan,22.279109710000057,114.22911359000011,-10.10000000000582
b891c479-a877-4618-869a-a1c9804390e4_platform_2,00c0a990-b6ec-4a51-81f8-9e089be32c9e,b891c479-a877-4618-869a-a1c9804390e4,2,Platform 2 Island Line to Kennedy Town,22.279026550000026,114.22910721000005,-10.10000000000582
7b7fd72b-7438-463d-91be-f0a02689e4d8_platform_2,9662e7a6-2359-4883-a5ee-697a9374eb95,7b7fd72b-7438-463d-91be-f0a02689e4d8,2,Platform 2 East Rail Line to Admiralty,22.451134610000054,114.1611248800001,13.80000000000291
7b7fd72b-7438-463d-91be-f0a02689e4d8_platform_1,67f771e6-5b07-4e0b-8315-74cd5f0cc955,7b7fd72b-7438-463d-91be-f0a02689e4d8,1,Platform 1 East Rail Line to Lo Wu/Lok Ma Chau,22.451017430000036,114.16111115000001,13.80000000000291
cda69869-c3be-42f3-8fb4-a7cbb2fe97f5_platform_1,2789be6b-590b-4fc3-917f-774f9ff1f8ea,cda69869-c3be-42f3-8fb4-a7cbb2fe97f5,1,Platform 1 Island Line to Chai Wan,22.285489700000028,114.14263948000007,-30.929999999993015
cda69869-c3be-42f3-8fb4-a7cbb2fe97f5_platform_2,29ae4d42-86fa-4d92-8690-e8f127f4cfec,cda69869-c3be-42f3-8fb4-a7cbb2fe97f5,2,Platform 2 Island Line to Kennedy Town,22.28543392000006,114.14269965000005,-30.929999999993015
b62f4857-8453-44a9-a650-3a8bcb08a405_platform_2,f959ae44-9698-4624-ad18-d0a52d9a4378,b62f4857-8453-44a9-a650-3a8bcb08a405,2,Platform 2 Tuen Ma Line to Wu Kai Sha,22.447899610000036,114.00439127000004,25.080000000001746
b62f4857-8453-44a9-a650-3a8bcb08a405_platform_1,d63ea437-8ada-484a-8280-6a4474722497,b62f4857-8453-44a9-a650-3a8bcb08a405,1,Platform 1 Tuen Ma Line to Tuen Mun,22.447816670000066,114.00449692000007,25.080000000001746
57905483-c9d5-483c-9654-442434d20947_platform_2,731ad5d7-46c5-40ca-99a3-aa14117d8b16,57905483-c9d5-483c-9654-442434d20947,2,Platform 2 Kwun Tong Line to Whampoa,22.323477430000025,114.21402484000009,17.080000000001746
57905483-c9d5-483c-9654-442434d20947_platform_1,18145857-4de9-49e9-9701-fab9c1838264,57905483-c9d5-483c-9654-442434d20947,1,Platform 1 Kwun Tong Line to Tiu Keng Leng,22.323480940000024,114.21412323000004,17.080000000001746
0556c2c1-dc84-4935-8c10-8dc36ae6c3c6_platform_2,fc60ecb7-e14f-4a5e-9218-74779930cb54,0556c2c1-dc84-4935-8c10-8dc36ae6c3c6,2,Platform 2 Kwun Tong Line to Whampoa,22.341685330000075,114.19408681000004,-0.9400000000023283
0556c2c1-dc84-4935-8c10-8dc36ae6c3c6_platform_1,415dfd52-4b03-4149-ab55-515f5284cf4f,0556c2c1-dc84-4935-8c10-8dc36ae6c3c6,1,Platform 1 Kwun Tong Line to Tiu Keng Leng,22.34177554000007,114.19426065000005,-0.9400000000023283
e279ca60-ec56-4186-8839-09c0048f60c2_platform_2,3f2b1086-7301-462b-b151-2c58a44938ac,e279ca60-ec56-4186-8839-09c0048f60c2,2,Platform 2 East Rail Line to Admiralty,22.37306798000003,114.17848263000008,13.19999999999709
e279ca60-ec56-4186-8839-09c0048f60c2_platform_1,4ee27432-5ed9-4d08-bb3e-ae80220f9d15,e279ca60-ec56-4186-8839-09c0048f60c2,1,Platform 1 East Rail Line to Lo Wu/Lok Ma Chau,22.373101290000022,114.17838471000005,13.19999999999709
e279ca60-ec56-4186-8839-09c0048f60c2_platform_3,53c945c2-753c-4323-a0c4-da3eeafff925,e279ca60-ec56-4186-8839-09c0048f60c2,3,Platform 3 Tuen Ma Line to Tuen Mun,22.372801050000078,114.17867603000002,13.19999999999709
e279ca60-ec56-4186-8839-09c0048f60c2_platform_4,41f478f3-7dcd-43ca-bb4a-2da8f4608f1b,e279ca60-ec56-4186-8839-09c0048f60c2,4,Platform 4 Tuen Ma Line to Wu Kai Sha,22.372732210000038,114.1787320300001,13.19999999999709
402d0a0a-e6df-4a19-952d-6fc371dedc2e_platform_2,ef0a8a54-5a25-4044-8269-dad9d2b76951,402d0a0a-e6df-4a19-952d-6fc371dedc2e,2,Platform 2 Island Line to Kennedy Town,22.28016346000004,114.1843285000001,-23.520000000004075
402d0a0a-e6df-4a19-952d-6fc371dedc2e_platform_1,89027298-c457-4498-a124-40bfdc38e8ef,402d0a0a-e6df-4a19-952d-6fc371dedc2e,1,Platform 1 Island Line to Chai Wan,22.28015780000004,114.18428268000002,-14.0
1308e337-699a-4231-810e-2d03f541b4ac_platform_1,1a9d0bf3-1911-4f19-83e0-92928afab781,1308e337-699a-4231-810e-2d03f541b4ac,1,Platform 1 Tuen Ma Line to Tuen Mun,22.408608910000055,114.22278974000005,15.419999999998254
1308e337-699a-4231-810e-2d03f541b4ac_platform_2,bdaf6ab8-9b52-40cf-99f7-1023aca635ae,1308e337-699a-4231-810e-2d03f541b4ac,2,Platform 2 Tuen Ma Line to Wu Kai Sha,22.408554270000025,114.2228740600001,15.419999999998254
a53f1496-d416-45e2-8ea4-14db1b6cff8b_platform_2,222434ec-daa7-4b34-bf8a-3e6c4590a7cc,a53f1496-d416-45e2-8ea4-14db1b6cff8b,2,PLATFORM 2 East Rail Line to Admiralty,22.492164140000057,114.13868642000011,18.55999999999767
a53f1496-d416-45e2-8ea4-14db1b6cff8b_platform_1,6433c7d6-7462-4866-b0f9-c8437f880339,a53f1496-d416-45e2-8ea4-14db1b6cff8b,1,PLATFORM 1 East Rail Line to Lo Wu/Lok Ma Chau,22.49208937000003,114.13862416000006,18.55999999999767
c660346a-064e-42d4-8501-7bb5cd7e893f_platform_2,bbe8d386-b465-4b21-b56f-40d900c137f8,c660346a-064e-42d4-8501-7bb5cd7e893f,2,Platform 2 Tsuen wan line to Central,22.363157620000038,114.1312293200001,15.059999999997672
c660346a-064e-42d4-8501-7bb5cd7e893f_platform_1,9e43053c-6577-442f-b723-d378d770cdcb,c660346a-064e-42d4-8501-7bb5cd7e893f,1,Platform 1 Tsuen wan line to Tsuen wan,22.363190110000062,114.1311424700001,15.059999999997672
6c1ffd3a-3613-4bd8-a901-32636005f378_platform_2,5c31ef2d-e302-44e4-a11b-ba397395dff2,6c1ffd3a-3613-4bd8-a901-32636005f378,2,Platform 2 Tsuen Wan Line to Central,22.337922200000037,114.1393628300001,-9.60000000000582
6c1ffd3a-3613-4bd8-a901-32636005f378_platform_1,51355fd1-aefa-4d2f-9f4e-d1df23eda7bb,6c1ffd3a-3613-4bd8-a901-32636005f378,1,Platform 1 Tsuen Wan Line to Tsuen Wan,22.337854940000057,114.13933430000009,-9.60000000000582
3c17605d-df03-4b09-90f5-bbca8cf1294d_platform_4,308c93c4-6010-4991-85d0-307ce7c2cca3,3c17605d-df03-4b09-90f5-bbca8cf1294d,4,Platform 4 Tung Chung Line to Tung Chung/Disneyland Resort Line,22.28500537000008,114.15853998000011,-15.145000000004075
3c17605d-df03-4b09-90f5-bbca8cf1294d_platform_3,61783574-a146-4e4f-a506-b6f3412641ec,3c17605d-df03-4b09-90f5-bbca8cf1294d,3,Platform 3 Tung Chung Line to Tung Chung/Disneyland Resort Line,22.284913550000056,114.15848463000009,-15.145000000004075
3c17605d-df03-4b09-90f5-bbca8cf1294d_platform_1,971e98c9-2fc6-4a6c-b8ba-53f6ce58bb32,3c17605d-df03-4b09-90f5-bbca8cf1294d,1,Platform 1 to or from Airport/AsiaWorld-Expo,22.284998010000038,114.15831865000007,-3.0
7a2f558e-447c-401d-9a3b-bd004e3e6fdc_platform_2,57496543-56c9-4169-8a8f-ff285ddfca98,7a2f558e-447c-401d-9a3b-bd004e3e6fdc,2,Platform 2 Tuen Ma Line to Wu Kai Sha,22.42474849000007,114.23162395000008,24.360000000000582
7a2f558e-447c-401d-9a3b-bd004e3e6fdc_platform_1,2f68e66b-f760-4929-96b6-5146af73f3d4,7a2f558e-447c-401d-9a3b-bd004e3e6fdc,1,Platform 1 Tuen Ma Line to Tuen Mun,22.424840990000064,114.23159443000009,24.360000000000582
48f67114-1d14-47c3-8254-1384edfeb8cb_platform_1,897848c0-515d-483f-97e7-e928f1f2c548,48f67114-1d14-47c3-8254-1384edfeb8cb,1,Platform 1 Island Line to Chai Wan,22.28469948000003,114.2162728400001,-7.330000000001746
48f67114-1d14-47c3-8254-1384edfeb8cb_platform_2,525b4b70-5eb6-4336-ba7c-8a8e1cf34497,48f67114-1d14-47c3-8254-1384edfeb8cb,2,Platform 2 Island Line to Kennedy Town,22.284621480000055,114.21627351000006,-7.330000000001746
0197b9ac-84d4-4683-8167-88507df0e5c2_platform_1,cc23a809-64b7-4f8b-943f-db3bed8bd8ce,0197b9ac-84d4-4683-8167-88507df0e5c2,1,Platform 1 Tsuen Wan Line ti Tsuen Wan,22.37075248000008,114.12499463000006,-3.9400000000023283
0197b9ac-84d4-4683-8167-88507df0e5c2_platform_2,ebd6fe54-3a26-4022-8d44-4616b436a8f3,0197b9ac-84d4-4683-8167-88507df0e5c2,2,Platform 2 Tsuen Wan Line to Central,22.37084462000007,114.12499245000004,-3.9400000000023283
5cab92ff-37ac-40ac-97f4-6507b318ff3c_platform_1,1234acb8-9474-4db3-9556-a7e0c630bd36,5cab92ff-37ac-40ac-97f4-6507b318ff3c,1,Platform 1 Island Line to Chai Wan,22.28408318000004,114.13541993000001,-15.429999999993015
5cab92ff-37ac-40ac-97f4-6507b318ff3c_platform_2,0068b51b-c4e5-4868-9bd6-bd5b3df4d760,5cab92ff-37ac-40ac-97f4-6507b318ff3c,2,Platform 2 Island Line to Kennedy Town,22.284006850000026,114.13542833000008,-15.429999999993015
836c4e6e-6c55-4a06-8d11-0f053c6e060c_platform_1,936a522e-c4af-4f66-b9d2-bb1b05997e1f,836c4e6e-6c55-4a06-8d11-0f053c6e060c,1,Platform 1 Tsuen Wan Line to Tsuen Wan,22.33547561000006,114.15612553000005,-9.89999999999418
836c4e6e-6c55-4a06-8d11-0f053c6e060c_platform_2,3f3a9af6-ac80-4fde-8cbc-646ffab86558,836c4e6e-6c55-4a06-8d11-0f053c6e060c,2,Platform 2 Tsuen Wan Lineto Central,22.33553438000007,114.15617533000011,-9.89999999999418
87e485be-80e6-417f-be17-2bb89ca4d444_platform_4,7ba7a500-8030-4308-ac3d-548681a9c5de,87e485be-80e6-417f-be17-2bb89ca4d444,4,Platform 4 East Rail Line to Admiralty,22.52786074000005,114.11345752000011,8.979999999995925
87e485be-80e6-417f-be17-2bb89ca4d444_platform_1,3880331f-9f2a-4226-b003-c0627a2e95eb,87e485be-80e6-417f-be17-2bb89ca4d444,1,Platform 1 East Rail Line to Admiralty,22.52786413000007,114.11321149000003,8.979999999995925
58408ed0-b485-4cb6-886e-03fb63222e1f_platform_1,434dd032-2365-4753-bab3-7328b2ddfe9a,58408ed0-b485-4cb6-886e-03fb63222e1f,1,Platform 1 Kwun Tong Line to Tiu Keng Leng,22.337891270000057,114.1866133100001,12.589999999996508
58408ed0-b485-4cb6-886e-03fb63222e1f_platform_2,fdb2d551-dcdf-4474-90ab-69b1544674d4,58408ed0-b485-4cb6-886e-03fb63222e1f,2,Platform 2 Kwun Tong Line to Whampoa,22.337787310000067,114.18662293000011,12.589999999996508
b6c4a9ba-4017-43c9-ba2e-2adaf6b22afe_platform_4,9c6dcaea-f3ee-4295-bb57-2ecd47460701,b6c4a9ba-4017-43c9-ba2e-2adaf6b22afe,4,Platform 4 Kwun Tong Line to Whampoa,22.312651240000037,114.1706770400001,-16.19000000000233
b6c4a9ba-4017-43c9-ba2e-2adaf6b22afe_platform_3,ad474753-75d3-4c5b-87fb-4989fb047c4a,b6c4a9ba-4017-43c9-ba2e-2adaf6b22afe,3,Platform 3 Kwun Tong Line to Tiu Keng Leng,22.312668690000066,114.17077647000008,-16.19000000000233
b6c4a9ba-4017-43c9-ba2e-2adaf6b22afe_platform_2,0ed0354e-c68b-4e9f-a050-1f136e41d51d,b6c4a9ba-4017-43c9-ba2e-2adaf6b22afe,2,Platform 2 Tsuen Wan Line to Central,22.31265773000007,114.1707795100001,-9.389999999999418
b6c4a9ba-4017-43c9-ba2e-2adaf6b22afe_platform_1,45630527-e311-426d-b626-c1ec33cba75e,b6c4a9ba-4017-43c9-ba2e-2adaf6b22afe,1,Platform 1 Tsuen Wan Line to Tsuen Wan,22.31264187000005,114.17067966000002,-9.389999999999418
997998c4-4e4a-4d68-8e9b-c0f1f987d523_platform_2,b2595211-4e35-4506-8fde-cc9b5a0c9772,997998c4-4e4a-4d68-8e9b-c0f1f987d523,2,Platform 2 Tuen Ma Line to Wu Kai Sha,22.374708930000054,114.18612312000005,18.69000000000233
997998c4-4e4a-4d68-8e9b-c0f1f987d523_platform_1,e9736860-a712-4545-8f25-e9ad582f364f,997998c4-4e4a-4d68-8e9b-c0f1f987d523,1,Platform 1 Tuen Ma Line to Tuen Mun,22.37482004000003,114.18616638000003,18.69000000000233
650c8e58-3503-4fb5-9706-ba4a955f498a_platform_2,57e460df-1d69-4d0e-8de2-aae9e90b84fb,650c8e58-3503-4fb5-9706-ba4a955f498a,2,Platform 2 Tsuen Wan Line to Central,22.337335960000075,114.14804045000005,-10.039999999993597
650c8e58-3503-4fb5-9706-ba4a955f498a_platform_1,4c16793b-1695-480d-b980-cd015754d343,650c8e58-3503-4fb5-9706-ba4a955f498a,1,Platform 1 Tsuen Wan Line to Tsuen Wan,22.337270210000042,114.14806308000004,-10.039999999993597
552c1b98-6fc4-4788-9ff8-e1d858f293a4_platform_2,dee8f658-71f2-4d35-9a7a-afd13301984d,552c1b98-6fc4-4788-9ff8-e1d858f293a4,2,Platform 2 Tuen Ma Line to Wu Kai Sha,22.368191460000048,114.11010805000001,-9.05000000000291
552c1b98-6fc4-4788-9ff8-e1d858f293a4_platform_1,67f88813-e055-403b-9987-c122b86fbbff,552c1b98-6fc4-4788-9ff8-e1d858f293a4,1,Platform 1 Tuen Ma line to Tuen Mun,22.368036520000032,114.11009522000006,-9.05000000000291
754cddfd-8620-4b6e-9e1e-efd787d010bf_platform_1,1bb616e4-76b3-4b1e-bc3b-a7da344e1bd9,754cddfd-8620-4b6e-9e1e-efd787d010bf,1,Platform 1 Disneyland Resort Line to Sunny Bay,22.31545391000003,114.04507278000005,2.75
e0bef49c-95a1-4258-bbb2-e736df36e413_platform_0,49b13f36-9d41-4d57-867e-62fd3dd2a42e,e0bef49c-95a1-4258-bbb2-e736df36e413,0,Platform to City,22.321754630000044,113.94118544000003,8.770000000004075
74cb1742-b058-4bfc-a929-f962a4925fec_platform_2,0ca1c8a1-f631-41bf-b2ab-6630e64a4d82,74cb1742-b058-4bfc-a929-f962a4925fec,2,Platform 2 to East Rail Line to Admiralty,22.501419250000026,114.12783559000002,9.5
74cb1742-b058-4bfc-a929-f962a4925fec_platform_1,4d17718d-35ef-4a97-8e74-da2f1d0d2289,74cb1742-b058-4bfc-a929-f962a4925fec,1,Platform 1 East Rail Line to Lo Wu / Lok Ma Chau,22.50138812000006,114.12770518000002,9.5
60a9aeee-30ac-4efc-95de-dfb220c8808a_platform_2,f469579d-d19d-4a14-b4e9-157b27267aa5,60a9aeee-30ac-4efc-95de-dfb220c8808a,2,Platform 2 South Island Line to Admiralty,22.24228708000004,114.1492616700001,1.070000000006985
7280940d-7246-4f8a-b3b5-30f6c285bc9a_platform_2,7ea80739-a6b1-49ba-a7e5-2a28a0cdca39,7280940d-7246-4f8a-b3b5-30f6c285bc9a,2,Platform 2 Tseung Kwan O Line to North Point/Po Lam,22.29539871000003,114.26849918000005,5.350000000005821
7280940d-7246-4f8a-b3b5-30f6c285bc9a_platform_1,1a0e8851-8e7f-425f-9c49-6c2199de8533,7280940d-7246-4f8a-b3b5-30f6c285bc9a,1,Platform 1 to Tseung Kwan O Line to North Point / Po Lam,22.295349050000027,114.26854676000005,5.350000000005821
b7f1d22f-aea5-44d4-9f01-5c3fef91d7ea_platform_2,68fc09c9-9915-42a4-a083-38a3d16363c8,b7f1d22f-aea5-44d4-9f01-5c3fef91d7ea,2,Platform 2 Kwun Tong Line to Whampoa,22.315456250000068,114.21891353000001,11.30000000000291
b7f1d22f-aea5-44d4-9f01-5c3fef91d7ea_platform_1,b8e7d33b-c1ef-4493-8f2d-60c887579df4,b7f1d22f-aea5-44d4-9f01-5c3fef91d7ea,1,Platform 1Kwun Tong Line to Tiu Keng Leng,22.315530430000024,114.21894653000004,11.30000000000291
6d02d36d-e711-456d-b797-f999d52912da_platform_1,d999e864-b4a3-44f5-a5cb-65154e9474fc,6d02d36d-e711-456d-b797-f999d52912da,1,Platform 1 Tung Chung Line to Tung Chung / Disneyland Resort Line,22.31774635000005,114.16012856000009,5.69999999999709
6d02d36d-e711-456d-b797-f999d52912da_platform_2,0a8958cb-5e20-4dee-adc2-f5e1fcd08220,6d02d36d-e711-456d-b797-f999d52912da,2,Platform 2 Tung Chung Line to Hong Kong,22.317819360000044,114.16032693000011,5.69999999999709
9dae5db2-0149-4f34-9828-fe562af634cd_platform_1,2da36bfe-a919-4b3c-aaac-d38800231476,9dae5db2-0149-4f34-9828-fe562af634cd,1,Platform 1 East Rail Line to Lo Wu/Lok Ma Chau,22.395660410000062,114.1983307700001,8.85000000000582
9dae5db2-0149-4f34-9828-fe562af634cd_platform_4,daedfa4d-9947-417f-99de-90e336dce3f1,9dae5db2-0149-4f34-9828-fe562af634cd,4,Platform 4 East Rail Line to Admiralty,22.395470830000022,114.1984126100001,8.85000000000582
9dae5db2-0149-4f34-9828-fe562af634cd_platform_3,ad68871c-3b3c-4962-b5ec-4266d85e2856,9dae5db2-0149-4f34-9828-fe562af634cd,3,Platform 3 East Rail Line to Admiralty,22.395502520000036,114.19836017000011,8.85000000000582
9dae5db2-0149-4f34-9828-fe562af634cd_platform_2,69b63886-70ce-48cd-9b58-107953c33173,9dae5db2-0149-4f34-9828-fe562af634cd,2,Platform 2 East Rail Line to Lo Wu/Lok Ma Chau,22.395629880000058,114.19838200000004,8.85000000000582
effdfac4-ae83-47ec-990f-89eb6c6aa253_platform_2,f14f0f3b-cde8-477d-826b-1022e569094e,effdfac4-ae83-47ec-990f-89eb6c6aa253,2,Platform2 Tuen Ma Line to Wu Kai Sha,22.33048574000003,114.19954995,-9.029999999998836
effdfac4-ae83-47ec-990f-89eb6c6aa253_platform_1,e3ce8531-a579-48d3-8778-ab3e76ff3e15,effdfac4-ae83-47ec-990f-89eb6c6aa253,1,Platform1 Tuen Ma Line to Tuen Mun,22.330543230000046,114.19949681000003,-9.029999999998836
f0b802fd-28b0-40e3-abff-62090becf0d4_platform_2,2d50daa2-0891-4040-8c2e-871c1e000156,f0b802fd-28b0-40e3-abff-62090becf0d4,2,Platform 2 Tsuen Wan Line to Central,22.31940153000005,114.16930458000002,-16.330000000001746
f0b802fd-28b0-40e3-abff-62090becf0d4_platform_4,ec7b71ae-e77b-40df-8892-ef22963d3797,f0b802fd-28b0-40e3-abff-62090becf0d4,4,Platform 4 Kwun Tong Line to Whampoa,22.319413960000077,114.1693822100001,-16.330000000001746
f0b802fd-28b0-40e3-abff-62090becf0d4_platform_1,b927bc5c-9c43-4857-a364-2ee498fa7325,f0b802fd-28b0-40e3-abff-62090becf0d4,1,Platform 1Tsuen Wan Line to Tsuen Wan,22.319511050000074,114.16929024000001,-9.529999999998836
f0b802fd-28b0-40e3-abff-62090becf0d4_platform_3,88e59211-c266-4dec-80de-7ef4aa1168f5,f0b802fd-28b0-40e3-abff-62090becf0d4,3,Platform 3 Kwun Tong Line to Tiu Keng Leng,22.31952048000005,114.16935862000003,-9.529999999998836
bb1466c3-88d5-4a48-981d-fc0d50b36ee4_platform_1,336517fe-5d57-4959-9334-78c6a780fb19,bb1466c3-88d5-4a48-981d-fc0d50b36ee4,1,Platform 1 East Rail Line to Lo Wu/ Lok Ma Chau,22.281724070000053,114.17566479000004,-19.479999999995925
bb1466c3-88d5-4a48-981d-fc0d50b36ee4_platform_2,63757d66-fbcf-4c93-86f5-bcba88680df2,bb1466c3-88d5-4a48-981d-fc0d50b36ee4,2,Platform 2 East Rail Line to Admiralty,22.281709550000073,114.17592191000006,-10.44999999999709
271f334b-c6f4-4249-b6cd-460dc9f605a9_platform_1,9a472ed8-0f77-4983-8367-e298742c9aba,271f334b-c6f4-4249-b6cd-460dc9f605a9,1,Platform 1 Tuen Ma Line to Tuen Mun,22.43475151000007,114.06336638000005,16.429999999993015
271f334b-c6f4-4249-b6cd-460dc9f605a9_platform_2,acc793c8-e5bf-4880-83a0-4852a132389b,271f334b-c6f4-4249-b6cd-460dc9f605a9,2,Platform 2 Tuen Ma Line to Wu Kai Sha,22.434814150000022,114.06349402000001,16.429999999993015
a91d6417-1616-4c0c-b85c-abc08479dfe7_platform_1,0e0023a6-560d-495d-bd02-4c5451b995d1,a91d6417-1616-4c0c-b85c-abc08479dfe7,1,Platform 1 Tuen Ma Line to Tuen Mun,22.387698820000026,114.20830021000006,14.60000000000582
a91d6417-1616-4c0c-b85c-abc08479dfe7_platform_2,2d0bbab1-4ff8-415f-baa0-3f4d5790613c,a91d6417-1616-4c0c-b85c-abc08479dfe7,2,Platform 2 Tuen Ma Line to Wu Kai Sha,22.38764714000007,114.20836707000001,14.60000000000582
d02d9f12-06a1-4268-89cc-36a64970215e_platform_1,48c23640-c883-4139-bf8f-4a4d1d01f7c4,d02d9f12-06a1-4268-89cc-36a64970215e,1,Platform 1 Island Line to Chai Wan,22.287948800000038,114.19364621000011,-12.89999999999418
d02d9f12-06a1-4268-89cc-36a64970215e_platform_2,f7f8b1ba-ff2f-4941-b740-58541eef2281,d02d9f12-06a1-4268-89cc-36a64970215e,2,Platform 2 Island Line to Kennedy Town,22.287834050000072,114.19388092000008,-12.89999999999418
c87c86f8-0c3d-443c-951d-8e662ada5924_platform_4,466c77dc-649f-4cde-a0d2-33b177855d4e,c87c86f8-0c3d-443c-951d-8e662ada5924,4,Platform 4  Kwun Tong Line to Whampoa,22.334911540000064,114.20894004000002,-4.30000000000291
c87c86f8-0c3d-443c-951d-8e662ada5924_platform_3,39f498b5-27f1-4b8d-8f93-c0290d887d29,c87c86f8-0c3d-443c-951d-8e662ada5924,3,Platform 3,22.334956930000033,114.2089828500001,-4.30000000000291
c87c86f8-0c3d-443c-951d-8e662ada5924_platform_2,e619bda8-a16e-4aed-9c42-6b21c911d171,c87c86f8-0c3d-443c-951d-8e662ada5924,2,Platform 2,22.334995710000044,114.20901604000005,-4.30000000000291
c87c86f8-0c3d-443c-951d-8e662ada5924_platform_1,b73c4dd0-40fe-4930-8ff9-7547979efdba,c87c86f8-0c3d-443c-951d-8e662ada5924,1,Platform 1 Kwun Tong Line to Tiu Keng Leng,22.335026780000078,114.20906464000007,-4.30000000000291
c9912e53-b334-40dc-beba-b5ac7530f2ba_platform_3,0ad76f4e-a64e-48b3-ac8b-7fe927a5a2a4,c9912e53-b334-40dc-beba-b5ac7530f2ba,3,Platform 3 Tseung Kwan O Line to Po Lam/LOHAS Park,22.28825027000005,114.20851800000003,-30.94000000000233
c9912e53-b334-40dc-beba-b5ac7530f2ba_platform_4,b406e3f7-2fad-489c-9105-4adeb656a57b,c9912e53-b334-40dc-beba-b5ac7530f2ba,4,Platform 4 Tseung Kwan O Line to North Point,22.28799919000005,114.20853745000011,-30.94000000000233
c9912e53-b334-40dc-beba-b5ac7530f2ba_platform_1,d200f054-0035-4088-8e0c-355c5d6ee0b2,c9912e53-b334-40dc-beba-b5ac7530f2ba,1,Platform 1 Island Line to Chai Wan,22.288645220000035,114.20874012000002,-13.94100000000617
c9912e53-b334-40dc-beba-b5ac7530f2ba_platform_2,cf6687c0-d304-4570-ab7b-59ea71dbb91f,c9912e53-b334-40dc-beba-b5ac7530f2ba,2,Platform 2 Island Line to Kennedy Town,22.28847626000004,114.20846538,-13.94100000000617
bbcde31e-3b2d-46e5-9eca-dbc2ce387162_platform_1,d0c7d133-5602-499f-b80d-ea44c53bdec3,bbcde31e-3b2d-46e5-9eca-dbc2ce387162,1,Platform1 Tuen Ma Line to Tuen Mun,22.31716399000004,114.1875700600001,-7.860000000000582
bbcde31e-3b2d-46e5-9eca-dbc2ce387162_platform_2,f2bb4e89-498c-4cbe-8800-10b87f4d2765,bbcde31e-3b2d-46e5-9eca-dbc2ce387162,2,Platform2 Tuen Ma Line to Wu Kai Sha,22.31715599000006,114.1875690600001,-18.860000000000582
e41c97ec-85f5-4338-9ee0-87ca1d102d16_platform_1,b891dd28-3ed9-4a6c-b4b1-13108a0dbcae,e41c97ec-85f5-4338-9ee0-87ca1d102d16,1,Platform 1 Kwun Tong Line  to Tiu Keng Leng,22.331730340000036,114.16880822000007,3.0
e41c97ec-85f5-4338-9ee0-87ca1d102d16_platform_2,975e1f2e-221a-40e3-a93d-e90e4d9453ff,e41c97ec-85f5-4338-9ee0-87ca1d102d16,2,Platform 2 Kwun Tong Line to Whampoa,22.331728730000066,114.16888365000011,3.0
ef0fd18f-e9dd-480c-abc1-0eeaca4e9334_platform_1,a86ace0b-e16d-4e11-8090-74df0477b408,ef0fd18f-e9dd-480c-abc1-0eeaca4e9334,1,Platform 1 Tuen Ma Line to Tuen Mun 1,22.304509920000044,114.16644326000005,-10.30000000000291
ef0fd18f-e9dd-480c-abc1-0eeaca4e9334_platform_2,329c752c-25e8-4a25-88c1-a809bc57e118,ef0fd18f-e9dd-480c-abc1-0eeaca4e9334,2,Platform 2 Tuen Ma Line to Wu Kai Sha,22.304558520000057,114.1665341800001,-10.30000000000291
6e41ff22-45dc-4caf-94a0-146dcca99c4b_platform_4,647a88d2-9c0c-41d9-90da-aa0dae4c1ef7,6e41ff22-45dc-4caf-94a0-146dcca99c4b,4,Platform 4 Tung Chung Line to Hong Kong,22.35854585000004,114.10696016000009,20.0
6e41ff22-45dc-4caf-94a0-146dcca99c4b_platform_1,67b22c32-d016-4467-a53e-265618317779,6e41ff22-45dc-4caf-94a0-146dcca99c4b,1,PLATFORM 1,22.358378410000057,114.10705192000012,27.770000000004075
6e41ff22-45dc-4caf-94a0-146dcca99c4b_platform_3,dd8fbb2b-3d4e-4d79-bc11-1b34520e68fd,6e41ff22-45dc-4caf-94a0-146dcca99c4b,3,Platform 3 Tung Chung Line to Tung Chung/Disneyland Resort Line,22.358476730000064,114.10727545000009,27.770000000004075
a952cd87-e82a-4104-951e-5ad9b45fe525_platform_2,bac4e508-2591-4952-9985-4ac516d2253f,a952cd87-e82a-4104-951e-5ad9b45fe525,2,Platform 2 Island Line to Kennedy Town,22.282027200000073,114.22189190000006,-15.604000000006636
a952cd87-e82a-4104-951e-5ad9b45fe525_platform_1,740a774b-804e-4a1a-989c-c0a1f00db911,a952cd87-e82a-4104-951e-5ad9b45fe525,1,Platform 1 Island Line to Chai Wan,22.281967330000043,114.22207471000002,-22.604000000006636
981f4b9f-691a-4e64-9037-604e861dc1c4_platform_1,3ff9783f-408c-47b7-92ba-e505687e081f,981f4b9f-691a-4e64-9037-604e861dc1c4,1,Platform 1 Tsuen Wan Line to Tsuen Wan,22.32469623000003,114.16820609000001,-8.529999999998836
981f4b9f-691a-4e64-9037-604e861dc1c4_platform_2,d3c78817-8e8d-435c-9d05-36b05e13d296,981f4b9f-691a-4e64-9037-604e861dc1c4,2,Platform 2 Kwun Tong Line to Whampoa,22.324710740000057,114.16830806000007,-8.529999999998836
981f4b9f-691a-4e64-9037-604e861dc1c4_platform_4,47837307-acf7-41da-b20e-fc929c07335a,981f4b9f-691a-4e64-9037-604e861dc1c4,4,Platform 4 Tsuen Wan Line to Central,22.324634670000023,114.1682165200001,-15.330000000001746
981f4b9f-691a-4e64-9037-604e861dc1c4_platform_3,19aa54e6-5588-468a-865b-dd961510abcd,981f4b9f-691a-4e64-9037-604e861dc1c4,3,Platform 3  Kwun Tong Line to Tiu Keng Leng,22.324647370000037,114.16831818000003,-15.330000000001746
65b334e5-7ed3-413c-88d1-3c04e4dcf7aa_platform_2,63df7387-2e41-41db-b97e-ba67316eadcd,65b334e5-7ed3-413c-88d1-3c04e4dcf7aa,2,Platform 2 Kwun Tong Line to Whampoa,22.33983169000004,114.20170967000001,-3.429999999993015
65b334e5-7ed3-413c-88d1-3c04e4dcf7aa_platform_1,a703df35-ef16-4737-b258-ac92dd5ec47b,65b334e5-7ed3-413c-88d1-3c04e4dcf7aa,1,Platform 1 Kwun Tong Line to Tiu Keng Leng,22.339919610000038,114.2017901800001,-3.429999999993015
65b334e5-7ed3-413c-88d1-3c04e4dcf7aa_platform_4,af78f554-8b80-4a50-b01b-0b5e4eee17e2,65b334e5-7ed3-413c-88d1-3c04e4dcf7aa,4,Platform 4 Tuen Ma Line to Wu Kai Sha,22.339488310000036,114.20138338000004,-12.369999999995343
65b334e5-7ed3-413c-88d1-3c04e4dcf7aa_platform_3,c2f007ed-7323-4f13-847b-7b6912de51d9,65b334e5-7ed3-413c-88d1-3c04e4dcf7aa,3,Platform 3 Tuen Ma Line to Tuen Mun,22.339450120000038,114.2012388500001,-12.369999999995343
45d78f4b-7df5-4c4e-9f95-9d10f1e29b05_platform_1,4de71f11-4cb3-4453-be39-0b115f1ffdc5,45d78f4b-7df5-4c4e-9f95-9d10f1e29b05,1,PLATFORM 1,22.36399317000007,114.17074272000002,23.14999999999418
45d78f4b-7df5-4c4e-9f95-9d10f1e29b05_platform_2,9bc019de-ccea-43f5-a18a-6bd70e95f381,45d78f4b-7df5-4c4e-9f95-9d10f1e29b05,2,PLATFORM 2,22.363964140000064,114.17087082,23.14999999999418
e6627058-6093-44ce-b1f1-0412eae640ed_platform_2,647fc870-ba5f-4387-b4dd-9d3b0b6746a5,e6627058-6093-44ce-b1f1-0412eae640ed,2,Platform 2 Tuen Ma Line to Wu Kai Sha,22.44770305000003,114.02525552000009,22.279999999998836
e6627058-6093-44ce-b1f1-0412eae640ed_platform_1,335eb8d0-fe4f-451f-beca-505594836c8b,e6627058-6093-44ce-b1f1-0412eae640ed,1,Platform 1 Tuen Ma Line to Tuen Mun,22.447606920000055,114.0252559700001,22.279999999998836
cfe255b3-1b4d-4221-b1b9-04aca11b1b13_platform_1,b18aae7c-7a25-48b6-8236-8d5f319b08b7,cfe255b3-1b4d-4221-b1b9-04aca11b1b13,1,Platform 1 Tuen Ma Line to Tuen Mun,22.42918738000003,114.24385781000001,24.39999999999418
cfe255b3-1b4d-4221-b1b9-04aca11b1b13_platform_2,1121e81f-86e8-432a-a0fa-095b6fa3f5d2,cfe255b3-1b4d-4221-b1b9-04aca11b1b13,2,Platform 2 Tuen Ma Line to Wu Kai Sha,22.429103860000055,114.24387550000006,24.39999999999418
f9f93951-67f2-4b98-b86c-a3fec6209fe5_platform_2,8fe8d817-ef76-4c16-8d79-71509a698698,f9f93951-67f2-4b98-b86c-a3fec6209fe5,2,Platform 2 Kwun Tong Line to Whampoa,22.312174180000056,114.22639857000001,16.80000000000291
f9f93951-67f2-4b98-b86c-a3fec6209fe5_platform_1,4ba3897c-2765-49be-93fe-ab901585175e,f9f93951-67f2-4b98-b86c-a3fec6209fe5,1,Platform 1 Kwun Tong Line to Tiu Keng Leng,22.312249450000024,114.22644108000009,16.80000000000291
43da5fe6-74dd-452a-9515-a6a97b453c2c_platform_2,4ac20dc3-2229-4824-8431-9f381ca000a5,43da5fe6-74dd-452a-9515-a6a97b453c2c,2,Platform 2 Island Line to Kennedy Town,22.27747159000006,114.17289200000005,-20.029999999998836
43da5fe6-74dd-452a-9515-a6a97b453c2c_platform_1,eaf71ab8-7e70-4721-8696-7fadb128298d,43da5fe6-74dd-452a-9515-a6a97b453c2c,1,Platform 1 Island Line to Chai Wan,22.277562240000066,114.17293959000006,-11.029999999998836
6f0e1339-7f9b-4024-abed-a462006568bc_platform_1,5b9631f4-f89a-4a48-bfb4-c59bad428cb4,6f0e1339-7f9b-4024-abed-a462006568bc,1,Platform 1,22.281448130000058,114.12895172000003,-4.259999999994761
6f0e1339-7f9b-4024-abed-a462006568bc_platform_2,4b3d92f9-4a6d-4e55-8deb-5c1d1abefaf4,6f0e1339-7f9b-4024-abed-a462006568bc,2,Platform 2,22.281082140000024,114.1281151500001,-4.259999999994761
95dc7e53-be42-4fe2-b345-31836a016345_platform_1,4341b7c0-c603-40fb-94ab-e70c8fb11989,95dc7e53-be42-4fe2-b345-31836a016345,1,Platform 1 Island Line to Chai Wan,22.29124513000005,114.20033411000009,-27.429999999993015
95dc7e53-be42-4fe2-b345-31836a016345_platform_3,f3ec3662-82da-4a53-bc59-8dfdbac6e87f,95dc7e53-be42-4fe2-b345-31836a016345,3,Platform 3 Tseung Kwan O Line to Po Lam/LOHAS Park,22.29063578000006,114.20047045000001,-27.429999999993015
95dc7e53-be42-4fe2-b345-31836a016345_platform_4,afe8a2ab-7cd9-40a0-9e2e-c4684d70e115,95dc7e53-be42-4fe2-b345-31836a016345,4,Platform 4 End of Tseung Kwan O Line,22.290479300000072,114.2005234400001,-22.729999999995925
95dc7e53-be42-4fe2-b345-31836a016345_platform_2,6484fba2-8eb7-481a-b602-0118e81d0cc2,95dc7e53-be42-4fe2-b345-31836a016345,2,Platform 2 Island Line to Kennedy Town,22.291144450000047,114.20036389000006,-22.729999999995925
2b58c53b-8b8d-4d72-9b69-dfc67f4d82ce_platform_2,5ee4bb84-eebf-446e-9bcc-42f482414b35,2b58c53b-8b8d-4d72-9b69-dfc67f4d82ce,2,Platform 2 South Island Line to Admiralty,22.242018210000026,114.15610246000006,7.0350000000034925
2b58c53b-8b8d-4d72-9b69-dfc67f4d82ce_platform_1,b1478a38-110a-4824-801b-97d714af311f,2b58c53b-8b8d-4d72-9b69-dfc67f4d82ce,1,Platform 1 South Island Line to South Horizons,22.24197846000004,114.15613661000009,7.0350000000034925
1dcb1c5f-c7a1-428c-bf81-9d9ffc36725c_platform_2,357163b9-4b5f-4995-a4db-9d8ca8122b8c,1dcb1c5f-c7a1-428c-bf81-9d9ffc36725c,2,Platform 2 South Island Line to Admiralty,22.248809830000027,114.17452322000008,26.19999999999709
1dcb1c5f-c7a1-428c-bf81-9d9ffc36725c_platform_1,4c925845-2cfc-4edf-9d6a-e2fc3cad7f0e,1dcb1c5f-c7a1-428c-bf81-9d9ffc36725c,1,Platform 1 South Island Line to South Horizons,22.248711050000054,114.17457564000006,26.19999999999709
ea43268e-8a83-44e7-849f-f90c6d19a369_platform_2,56927068-c2fd-4d64-a761-498826eb1af8,ea43268e-8a83-44e7-849f-f90c6d19a369,2,Platform 2 Tuen Ma Line to Wu Kai Sha,22.376994490000072,114.19502289000002,17.529999999998836
ea43268e-8a83-44e7-849f-f90c6d19a369_platform_1,0b7130d9-72a9-496c-80b1-f9e101bc43cf,ea43268e-8a83-44e7-849f-f90c6d19a369,1,Platform 1 Tuen Ma Line to Tuen Mum,22.377075260000026,114.19496041000002,17.529999999998836
902ee513-c6d8-47d6-bee2-f404347b03f4_platform_2,be911d17-f6d2-415b-94dc-03eaae6b90d9,902ee513-c6d8-47d6-bee2-f404347b03f4,2,Platform 2 Tuen Ma Line to Wu Kai Sha,22.382823750000057,114.2035435900001,16.460000000006403
902ee513-c6d8-47d6-bee2-f404347b03f4_platform_1,c94a5c86-5f46-4ce9-b2d3-e7972895b28f,902ee513-c6d8-47d6-bee2-f404347b03f4,1,Platform 1 Tuen Ma Line to Tuen Mun,22.382887410000023,114.20347711000011,16.460000000006403
b5fa5f79-7c3d-4488-8dcd-c749d03f0e60_platform_1,43b7d268-6b79-46d9-9829-ef5753cb7f1c,b5fa5f79-7c3d-4488-8dcd-c749d03f0e60,1,Platform 1 Island Line to Chai Wan,22.276546120000035,114.23968649000005,6.570000000006985
b5fa5f79-7c3d-4488-8dcd-c749d03f0e60_platform_2,f5b2d402-1980-46ed-834c-b9201fca42ba,b5fa5f79-7c3d-4488-8dcd-c749d03f0e60,2,Platform 2 Island Line to Kennedy Town,22.276481260000025,114.23960172000011,6.570000000006985
92100263-7626-48d3-a676-529a97e87aa0_platform_1,b1383aae-628f-4279-82b8-866341cb1d31,92100263-7626-48d3-a676-529a97e87aa0,1,Platform 1 to Tiu Keng Leng,22.306710730000077,114.23302621000005,19.205000000001746
92100263-7626-48d3-a676-529a97e87aa0_platform_2,e631ee76-fe39-4668-97a8-f7c0297215da,92100263-7626-48d3-a676-529a97e87aa0,2,Platform 2 to Whampoa,22.306639050000058,114.23292591000006,19.205000000001746
91cc7d2f-242a-40df-aff3-3eb94f6b0663_platform_4,d23c8d00-7e06-4395-9687-78921ba60fa4,91cc7d2f-242a-40df-aff3-3eb94f6b0663,4,Platform 4 Tung Chung Line to Hong Kong,22.348418080000044,114.12608917000011,14.059999999997672
91cc7d2f-242a-40df-aff3-3eb94f6b0663_platform_2,c1a4ad14-5869-472e-8fa6-7607d228e7cd,91cc7d2f-242a-40df-aff3-3eb94f6b0663,2,Platform 2 Tsuen Wan Line to Central,22.34848229000005,114.12629941000012,14.059999999997672
91cc7d2f-242a-40df-aff3-3eb94f6b0663_platform_1,fbe03e4b-a01a-4a40-8e9d-c6801c4a6c5e,91cc7d2f-242a-40df-aff3-3eb94f6b0663,1,Platform 1 Tsuen Wan Line to Tsuen Wan,22.34830289000007,114.12616265000008,24.039999999993597
91cc7d2f-242a-40df-aff3-3eb94f6b0663_platform_3,6628eae7-5aff-4b3d-bf26-06558bd2326c,91cc7d2f-242a-40df-aff3-3eb94f6b0663,3,Platform 3 Tung Chung Line to Tung Chung/Disneyland Resort Line,22.348235170000066,114.12606213000004,24.039999999993597
70953f5a-ae60-46e5-9b63-68ccef5a9329_platform_3,d478f0bf-a5dd-4d0a-a26a-f1d299023d29,70953f5a-ae60-46e5-9b63-68ccef5a9329,3,Platform 3 Tung Chung Line to Tung Chung/ Disneyland Resort Line,22.304641480000043,114.16133518000004,-8.5
70953f5a-ae60-46e5-9b63-68ccef5a9329_platform_4,d40d9fdb-affb-49d7-b8e1-98364500dfc6,70953f5a-ae60-46e5-9b63-68ccef5a9329,4,Platform 4 Tung Chung Line to Hong Kong,22.304591240000036,114.16152936000003,-8.5
70953f5a-ae60-46e5-9b63-68ccef5a9329_platform_2,89db4665-ca95-4950-be3e-93b8387027b4,70953f5a-ae60-46e5-9b63-68ccef5a9329,2,Platform 2 from Airport / AsiaWorld-Expo,22.304880300000036,114.16168274000006,-1.0
ec16c323-c77f-4f76-a6ba-2a9a65fe7937_platform_1,608f57bc-2dca-4ab8-a7b3-1ccb59ec72e1,ec16c323-c77f-4f76-a6ba-2a9a65fe7937,1,Platform1 Tuen Ma Line to Tuen Mun,22.326372260000028,114.15404545000001,6.69999999999709
ec16c323-c77f-4f76-a6ba-2a9a65fe7937_platform_4,f4b1cd23-b856-4969-85cd-81b344baa7d1,ec16c323-c77f-4f76-a6ba-2a9a65fe7937,4,Platform4 Tung Chung Line to Hong Kong,22.326342460000035,114.15378787000009,6.69999999999709
ec16c323-c77f-4f76-a6ba-2a9a65fe7937_platform_3,fa1a20c7-1b02-4abe-a8c2-4471a64deba5,ec16c323-c77f-4f76-a6ba-2a9a65fe7937,3,Platform3 Tung Chung Line to Tung Chung/Disneyland Resort Line,22.32605626000003,114.15362359000005,6.69999999999709
ec16c323-c77f-4f76-a6ba-2a9a65fe7937_platform_2,f4c8a264-768d-4348-a2e8-73e2d909ee5c,ec16c323-c77f-4f76-a6ba-2a9a65fe7937,2,Platform2 Tuen Ma Line to Wu Kai Sha,22.326497690000053,114.1541445900001,6.69999999999709
26a47369-fde7-40a8-96d7-d6606cfe7411_platform_1,a0cc5fcb-fead-49ba-973e-ae455bd975d5,26a47369-fde7-40a8-96d7-d6606cfe7411,1,Platform 1 Kwun Tong Line to Tiu Keng Leng,22.30523573000005,114.18920810000009,-14.960000000006403
2212e1f9-9c77-429e-837d-67b918f34d03_platform_2,1341891f-fd36-4c4e-ab3e-5f2f254a65b1,2212e1f9-9c77-429e-837d-67b918f34d03,2,Platform 2 Kwun Tong Line to Whampoa,22.30398591000005,114.25223277000009,0.9400000000023283
2212e1f9-9c77-429e-837d-67b918f34d03_platform_4,524f70fd-640e-414e-90b6-383578bdb6ef,2212e1f9-9c77-429e-837d-67b918f34d03,4,Platform 4 Tseung Kwan O Line to North Point,22.303902270000037,114.25232181000001,0.9400000000023283
2212e1f9-9c77-429e-837d-67b918f34d03_platform_3,36dfa2ad-af3c-4839-81d9-d75d3df280a9,2212e1f9-9c77-429e-837d-67b918f34d03,3,Platform 3 Tseung Kwan O Line to Po Lam / LOHAS Park,22.303993330000026,114.25223404000008,-6.059999999997672
2212e1f9-9c77-429e-837d-67b918f34d03_platform_1,be5f9d2c-14de-4c45-b2bf-92405927319d,2212e1f9-9c77-429e-837d-67b918f34d03,1,Platform 1 End of the Kwun Tong Line,22.30389807000006,114.25231953000002,-6.059999999997672
4f355998-ea7a-4867-aae7-f587ad4aff66_platform_2,00030d1b-9c3c-4027-a6fa-ebb971d1e52a,4f355998-ea7a-4867-aae7-f587ad4aff66,2,Platform 2 Tsuen Wan Line to Central,22.373803260000045,114.11761436000006,9.35000000000582
4f355998-ea7a-4867-aae7-f587ad4aff66_platform_1,e4833f5b-916d-4399-90af-56ef43f8eed7,4f355998-ea7a-4867-aae7-f587ad4aff66,1,Platform 1 End of Tsuen Wan Line,22.37371586000006,114.11758118000012,9.35000000000582
e1c20a8c-bfe8-4159-957e-829c4cd1bde3_platform_1,49abfd3c-0d0a-4856-8a5e-23a819f228a9,e1c20a8c-bfe8-4159-957e-829c4cd1bde3,1,Platform 1 Tsuen Wan Line to Tsuen Wan,22.305028200000038,114.17160123000008,-4.30000000000291
e1c20a8c-bfe8-4159-957e-829c4cd1bde3_platform_2,b866b302-2422-4d01-a178-a04e43a8b9bb,e1c20a8c-bfe8-4159-957e-829c4cd1bde3,2,Platform 2 Tsuen Wan Line to Central,22.305028900000025,114.17166972000007,-4.30000000000291
141fd6ff-a270-423c-8702-7d887062be3d_platform_1,535013be-3ae0-485a-9e69-f348567c1f7c,141fd6ff-a270-423c-8702-7d887062be3d,1,Platform 1 Tuen Ma Line to Tuen Mun,22.417501750000042,114.2256987500001,17.75999999999476
141fd6ff-a270-423c-8702-7d887062be3d_platform_2,1afae9c6-061c-47b0-8270-239adb96039a,141fd6ff-a270-423c-8702-7d887062be3d,2,Platform 2 Tuen Ma Line to Wu Kai Sha,22.417480970000042,114.22579238000003,17.75999999999476
45701b21-f750-4213-9cd4-299e6c9820bc_platform_2,605a7351-0c7d-447c-9baf-de503f9a82dd,45701b21-f750-4213-9cd4-299e6c9820bc,2,Platform 2 Tsuen Wan Line to Central,22.356825410000056,114.12784542000009,14.470000000001164
45701b21-f750-4213-9cd4-299e6c9820bc_platform_1,56e58596-3955-404c-a400-90ceb57dbc85,45701b21-f750-4213-9cd4-299e6c9820bc,1,Platform 1 Tsuen Wan Line to Tsuen Wan,22.35686656000007,114.12776998000004,14.470000000001164
b44cf139-5938-408b-af48-649dfd09694e_platform_3,37b0d250-147e-46c6-8028-b385189d2992,b44cf139-5938-408b-af48-649dfd09694e,3,"Platform 3, 4 East Rail Line to Admiralty",22.444745660000024,114.17053904000011,11.339999999996508
b44cf139-5938-408b-af48-649dfd09694e_platform_1,9cf7432d-ea0a-49e8-b548-61e70726b986,b44cf139-5938-408b-af48-649dfd09694e,1,"Platform 1, 2 East Rail Line to Lo Wu/ Lok Ma Chau",22.444624050000073,114.17052429000012,11.339999999996508
d47477e8-81bb-4400-943a-e2541261bf4b_platform_1,238ed04d-6b77-4057-b520-ba826b6fab1c,d47477e8-81bb-4400-943a-e2541261bf4b,1,Platform 1 Tuen Ma Line to Tuen Mun,22.32597701000003,114.19129983000005,-9.89999999999418
d47477e8-81bb-4400-943a-e2541261bf4b_platform_2,c6e9f9c1-9ba2-40de-a653-558f8b038985,d47477e8-81bb-4400-943a-e2541261bf4b,2,Platform 2 Tuen Ma Line to Wu Kai Sha,22.325881450000054,114.19133915000009,-9.89999999999418
e693ee01-7b5b-42fb-a329-d864b751f114_platform_2,126cd430-216e-419a-be29-f433d2994833,e693ee01-7b5b-42fb-a329-d864b751f114,2,Platform 2 Island Line to Kennedy Town,22.264627750000045,114.23709980000001,18.070000000006985
e693ee01-7b5b-42fb-a329-d864b751f114_platform_1,f9d7f7f5-bd5f-4f61-84d3-93cf498e343f,e693ee01-7b5b-42fb-a329-d864b751f114,1,Platform 1 Island Line to Kennedy Town,22.264596870000048,114.23716281000009,18.070000000006985
bfc60c05-4e91-4b0a-96d9-e596e807a2bb_platform_1,aa146266-1e4d-4ffd-99ab-d1027dc578a6,bfc60c05-4e91-4b0a-96d9-e596e807a2bb,1,Platform 1 Tuen Ma Line to Tuen Mun,22.446010580000063,114.03533481000011,20.929999999993015
bfc60c05-4e91-4b0a-96d9-e596e807a2bb_platform_2,a1a13437-8b28-4bf4-ae68-16b408ad769e,bfc60c05-4e91-4b0a-96d9-e596e807a2bb,2,Platform 2 Tuen Ma Line to Wu Kai Sha,22.446164520000025,114.03529019000007,20.929999999993015
b9b2f6ff-582d-40b0-b82d-027e950e6791_platform_8,36b54d5b-19b4-4f3f-bbfd-4579e50310df,b9b2f6ff-582d-40b0-b82d-027e950e6791,8,Platform 8 End of the East Rail Line,22.27823286000006,114.16607201000011,-28.029999999998836
b9b2f6ff-582d-40b0-b82d-027e950e6791_platform_7,abf9c3a2-29f8-4568-aa9c-789bb995636a,b9b2f6ff-582d-40b0-b82d-027e950e6791,7,Platform 7 East Rail Line to Lo Wu/Lok Ma Chau,22.27847169000006,114.16575511000008,-28.029999999998836
b9b2f6ff-582d-40b0-b82d-027e950e6791_platform_5,370791ad-7e3b-466e-8100-27e00580dc67,b9b2f6ff-582d-40b0-b82d-027e950e6791,5,Platform 5 South Island Line to South Horizons,22.278204410000058,114.16585019000001,-33.63000000000466
b9b2f6ff-582d-40b0-b82d-027e950e6791_platform_6,c7566711-9f15-4964-a278-b57027236149,b9b2f6ff-582d-40b0-b82d-027e950e6791,6,Platform 6 South Island Line to South Horizons,22.27827313000006,114.16577300000006,-33.63000000000466
b9b2f6ff-582d-40b0-b82d-027e950e6791_platform_1,4c6da9dc-5ebc-4ff8-bc99-a4bd124647cf,b9b2f6ff-582d-40b0-b82d-027e950e6791,1,Platform 1 Tsuen Wan Line to Tsuen Wan,22.279308290000074,114.1655952100001,-14.130000000004657
b9b2f6ff-582d-40b0-b82d-027e950e6791_platform_2,2d9fea37-1605-4d78-bb8d-13c6b204ae16,b9b2f6ff-582d-40b0-b82d-027e950e6791,2,Platform 2 Island Line to Kennedy Town,22.279035390000047,114.16553318000001,-14.130000000004657
b9b2f6ff-582d-40b0-b82d-027e950e6791_platform_3,7ce6564f-3fe1-4649-abab-9e493ab7038c,b9b2f6ff-582d-40b0-b82d-027e950e6791,3,Platform 3 Island Line to Chai Wan,22.27906661000003,114.16543912000009,-8.929999999993015
b9b2f6ff-582d-40b0-b82d-027e950e6791_platform_4,7b4b099e-7863-42ec-b6d0-ea04fe031cdf,b9b2f6ff-582d-40b0-b82d-027e950e6791,4,Platform 4 Tsuen Wan Line to Central,22.279325320000055,114.1654963100001,-8.929999999993015
8769ac7e-21b4-4e9f-b776-7490f7689f32_platform_4,4aae041e-7112-4ffb-a8aa-50c085186c53,8769ac7e-21b4-4e9f-b776-7490f7689f32,4,Platform 4 East Rail Line to Admiralty,22.303010090000043,114.18229858000007,-6.05000000000291
8769ac7e-21b4-4e9f-b776-7490f7689f32_platform_1,877d8490-2e51-40c6-b602-7596ab0e5305,8769ac7e-21b4-4e9f-b776-7490f7689f32,1,Platform 1 East Rail Line to Lo Wu/ Lok Ma Chau,22.303025000000048,114.18219346000001,-6.05000000000291
8769ac7e-21b4-4e9f-b776-7490f7689f32_platform_3,d866291d-9234-4e73-b9d3-e163df0aa220,8769ac7e-21b4-4e9f-b776-7490f7689f32,3,Platform 3 Tuen Ma Line to Tuen Mun,22.302632350000067,114.18227862000003,4.600000000005821
8769ac7e-21b4-4e9f-b776-7490f7689f32_platform_2,f17b4ef6-a1a9-4cb2-99bc-2ea06f28be1c,8769ac7e-21b4-4e9f-b776-7490f7689f32,2,Platform 2 Tuen Ma Line to Wu Kai Sha,22.302808440000035,114.18216116000008,4.600000000005821
eaa66bea-059b-4cdc-883f-a4ac85d67785_platform_2,5d28033c-101d-4773-9b50-0e6ff1632e6c,eaa66bea-059b-4cdc-883f-a4ac85d67785,2,Platform 2 Tuen Ma Line to Wu Kai Sha,22.41205733000004,113.97896753000009,10.860000000000582
eaa66bea-059b-4cdc-883f-a4ac85d67785_platform_1,30661aae-c565-47ec-86eb-d70674b145fb,eaa66bea-059b-4cdc-883f-a4ac85d67785,1,Platform 1 Tuen Ma Line to Tuen Mun,22.411989320000032,113.97911689000011,10.860000000000582
404efe33-0d74-4c3e-972e-5f46339c10e8_platform_1,086cc0b0-1682-4770-b1aa-3e1a0ca4ae64,404efe33-0d74-4c3e-972e-5f46339c10e8,1,Platform 1 Island Line to Chai Wan,22.286534510000024,114.15239099000007,-22.929999999993015
404efe33-0d74-4c3e-972e-5f46339c10e8_platform_2,b11faba0-8179-44b9-894a-4cf639b3d832,404efe33-0d74-4c3e-972e-5f46339c10e8,2,Platform 2 Island Line to Kennedy Town,22.28640850000005,114.15235890000008,-22.929999999993015
7442ca0c-914a-4c29-af44-6622c59f01c9_platform_0,0ced8531-c0d3-41e8-a002-50f2a8ac6cb1,7442ca0c-914a-4c29-af44-6622c59f01c9,0,Platform Tseung Kwan O Line to North Point / LOHAS Park,22.322711010000035,114.25778272000002,8.0
132e2ae5-06f4-4829-ab02-9e0e6d8051e2_platform_1,13478fb1-2dce-4b58-85b0-b0248b64372d,132e2ae5-06f4-4829-ab02-9e0e6d8051e2,1,Platform 1 Tseung Kwan O Line to Po Lam,22.315826190000053,114.26415868000004,-1.3300000000017462
132e2ae5-06f4-4829-ab02-9e0e6d8051e2_platform_2,d1d59302-b0ec-4a1b-9757-ec62cf4f9f00,132e2ae5-06f4-4829-ab02-9e0e6d8051e2,2,Platform 2 Tseung Kwan O Line to North Point / LOHAS Park,22.31587607000006,114.26424455000006,-1.3300000000017462
3ca7be38-6c54-477d-9ae6-cf9d34886bf6_platform_1,c0f17bc6-2f85-4ed7-a927-768f37fd4cc4,3ca7be38-6c54-477d-9ae6-cf9d34886bf6,1,Platform 1 Kwun Tong Line to Tiu Keng Leng,22.30938388000004,114.18269220000002,-23.929999999993015
3ca7be38-6c54-477d-9ae6-cf9d34886bf6_platform_2,813a9212-fabe-47a8-920a-121811101d32,3ca7be38-6c54-477d-9ae6-cf9d34886bf6,2,Platform 2 Kwun Tong Line to Whampoa,22.30928952000005,114.1826245200001,-23.929999999993015
3ca7be38-6c54-477d-9ae6-cf9d34886bf6_platform_3,f332dd70-102b-4b6c-962c-47852550a933,3ca7be38-6c54-477d-9ae6-cf9d34886bf6,3,Platform 3 Tuen Ma Line to Tuen Mun,22.309678720000022,114.18286280000007,-7.600000000005821
3ca7be38-6c54-477d-9ae6-cf9d34886bf6_platform_4,e27e513c-a93d-4d7d-b312-b697d40fa641,3ca7be38-6c54-477d-9ae6-cf9d34886bf6,4,Platform 4 Tuen Ma Line to Wu Kai Sha,22.309711460000074,114.1827788700001,-7.600000000005821
2478fc07-c370-4aab-b1e3-ccb129865bbf_platform_1,9a6a225a-57dc-44f0-9cbb-c3a81804ed73,2478fc07-c370-4aab-b1e3-ccb129865bbf,1,Platform 1 Tsuen Wan Line to Tsuen Wan,22.29761515000007,114.1721303600001,-9.339999999996508
2478fc07-c370-4aab-b1e3-ccb129865bbf_platform_2,c8f1974c-9a08-498f-8d7e-35a278e79690,2478fc07-c370-4aab-b1e3-ccb129865bbf,2,Platform 2 Tsuen Wan Line to Central,22.297620100000074,114.17219964000003,-9.339999999996508
be57a185-148f-4c73-a5cc-bebdcab61954_platform_1,b9daf6bb-6b0f-4ae7-8555-a18048f8e9ce,be57a185-148f-4c73-a5cc-bebdcab61954,1,Platform 1 Tuen Ma Line to Wu Kai Sha,22.39535275000003,113.97333613,23.139999999999418
be57a185-148f-4c73-a5cc-bebdcab61954_platform_2,6b78ca48-9e2e-43d3-90da-9578717533e6,be57a185-148f-4c73-a5cc-bebdcab61954,2,Platform 2 Tuen Ma Line to Wu Kai Sha,22.395218890000024,113.9731515100001,23.139999999999418
93187202-7a40-4906-b7e4-1e56c37562db_platform_2,0695911d-363d-4095-88e2-5d44460f3775,93187202-7a40-4906-b7e4-1e56c37562db,2,Platform 2 to Admiralty,22.33723088000005,114.17580261,19.10000000000582
93187202-7a40-4906-b7e4-1e56c37562db_platform_1,f51cbbbb-6889-4993-8716-79b04f6918b9,93187202-7a40-4906-b7e4-1e56c37562db,1,Platform 1 to Lo Wu/Lok Ma Chau,22.337189050000063,114.17569016000004,19.10000000000582
88d9cab3-a32d-4a77-985d-4f12d49e9c9e_platform_2,4776ae4a-058a-4340-98e6-c1f26c03a99d,88d9cab3-a32d-4a77-985d-4f12d49e9c9e,2,Platform 2 East Rail Line to Admiralty,22.514535910000063,114.06569662000004,22.05999999999767
88d9cab3-a32d-4a77-985d-4f12d49e9c9e_platform_1,c042bfe1-8fb2-481c-9603-6710cb3c4f55,88d9cab3-a32d-4a77-985d-4f12d49e9c9e,1,Platform 1 East Rail Line to Admiralty,22.514400040000055,114.06570532,22.05999999999767
2b6f740c-7f25-4893-8e13-c0e66714f3f4_platform_2,bb7e8c5e-d01b-4b5d-8960-c149fc9a9f2c,2b6f740c-7f25-4893-8e13-c0e66714f3f4,2,Platform 2 South Island Line to Admiralty,22.247907610000027,114.16746790000002,22.19999999999709
2b6f740c-7f25-4893-8e13-c0e66714f3f4_platform_1,64a1d043-7c98-4a1b-a018-85b36fc8d921,2b6f740c-7f25-4893-8e13-c0e66714f3f4,1,Platform 1 South Island Line to South Horizons,22.247845830000074,114.16748464000011,22.19999999999709
ab544cf5-d41c-499b-9c2a-56e7796e9742_platform_2,8722ce61-cbae-4e05-a3bd-ed6f9be46efc,ab544cf5-d41c-499b-9c2a-56e7796e9742,2,Platform 2 Tuen Ma Line to Wu Kai Sha,22.29570055000005,114.17543864000004,-11.69999999999709
ab544cf5-d41c-499b-9c2a-56e7796e9742_platform_1,ac987781-4aa4-4f00-b879-af396d5bbda5,ab544cf5-d41c-499b-9c2a-56e7796e9742,1,Platform 1 Tuen Ma Line to Tuen Mun,22.295612320000032,114.1754775600001,-11.69999999999709
1aaf245e-3643-49f4-b56f-4461026ee8d7_platform_3,9559a6f0-b2bf-4c06-887c-c13638132186,1aaf245e-3643-49f4-b56f-4461026ee8d7,3,Platform 3 East Rail Line to Admiralty,22.38244566000003,114.18738281000003,5.399999999994179
1aaf245e-3643-49f4-b56f-4461026ee8d7_platform_1,74804139-4439-4d59-bbbc-a6c8cf872f41,1aaf245e-3643-49f4-b56f-4461026ee8d7,1,Platform 1 East Rail Line to Lo Wu/Lok Ma Chau,22.382533710000075,114.18723501000011,5.399999999994179
1aaf245e-3643-49f4-b56f-4461026ee8d7_platform_4,a1800871-fe01-4dd8-b106-73400bc9727f,1aaf245e-3643-49f4-b56f-4461026ee8d7,4,Platform 4 East Rail Line to Admiralty,22.38240501000007,114.18745639000008,5.399999999994179
1aaf245e-3643-49f4-b56f-4461026ee8d7_platform_2,cc3dd6be-5c74-44c7-b799-4d20c53b8502,1aaf245e-3643-49f4-b56f-4461026ee8d7,2,Platform 2 East Rail Line to Lo Wu/Lok Ma Chau,22.382484330000068,114.18730297000002,5.399999999994179
c270ead6-7bea-4034-90f5-aca854937177_platform_2,1de990ed-c487-4c0d-bd6c-0cbe8cbf430d,c270ead6-7bea-4034-90f5-aca854937177,2,Platform 2 Tung Chung Line to Hong Kong / Disneyland Resort Line,22.28940502000006,113.94151477000003,-4.059999999997672
c270ead6-7bea-4034-90f5-aca854937177_platform_1,5ba564fe-dedf-4484-b501-ea14ff5198be,c270ead6-7bea-4034-90f5-aca854937177,1,Platform 1 Tung Chung Line to Hong Kong / Disneyland Resort Line,22.289307990000054,113.94158712000001,-4.059999999997672
915de180-af75-4fac-a3a6-b8371cf18015_platform_2,7bb252aa-1570-4a74-8bbd-25ea738170e3,915de180-af75-4fac-a3a6-b8371cf18015,2,Platform 2,22.41358671000006,114.21017536000011,10.69999999999709
915de180-af75-4fac-a3a6-b8371cf18015_platform_1,b29dd70f-e775-4de7-b09c-14f7d9b293c9,915de180-af75-4fac-a3a6-b8371cf18015,1,Platform 1 East Rail Line to Lo Wu / Lok Ma Chau,22.413580110000055,114.21002342000008,10.69999999999709
9a64c7d4-17fd-4ae9-954c-34ebbcaf2645_platform_1,60374160-233b-403d-bace-0c22a42dc672,9a64c7d4-17fd-4ae9-954c-34ebbcaf2645,1,Platform 1 East Rail Line to Lo Wu / Lok Ma Chau,22.32222311000004,114.17246676000002,13.19999999999709
9a64c7d4-17fd-4ae9-954c-34ebbcaf2645_platform_2,223c2a0f-484a-40c0-b325-41725b45261f,9a64c7d4-17fd-4ae9-954c-34ebbcaf2645,2,Platform 2 East Rail Line to Lo Wu / Lok Ma Chau,22.322217480000063,114.17253101000006,13.19999999999709
9a64c7d4-17fd-4ae9-954c-34ebbcaf2645_platform_3,e88086dc-89cd-4fd0-80a6-ede3672b688a,9a64c7d4-17fd-4ae9-954c-34ebbcaf2645,3,Platform 3 East Rail Line to Admiralty,22.32220964000004,114.17264259000001,13.19999999999709
036868f9-cb36-44ae-b1ee-7c18bb12dbed_platform_4,24215121-e2dc-4a92-acfe-34876904b2c3,036868f9-cb36-44ae-b1ee-7c18bb12dbed,4,Platform 4 Island Line to Kennedy Town,22.282040280000047,114.15777989000003,-19.19000000000233
036868f9-cb36-44ae-b1ee-7c18bb12dbed_platform_1,8eae4df6-f163-4741-9ef7-e1671d678e5f,036868f9-cb36-44ae-b1ee-7c18bb12dbed,1,Platform 1 Tsuen Wan Line to Tsuen Wan,22.281715220000024,114.15906221000012,-11.979999999995925
036868f9-cb36-44ae-b1ee-7c18bb12dbed_platform_2,c73dba15-e446-4daa-9629-9c6805ef79b8,036868f9-cb36-44ae-b1ee-7c18bb12dbed,2,Platform 2 Tsuen Wan Line to Tsuen Wan,22.281660540000075,114.15904618000002,-11.979999999995925
036868f9-cb36-44ae-b1ee-7c18bb12dbed_platform_3,3a87ddde-ab02-4f29-87bc-174ac9ad2ec4,036868f9-cb36-44ae-b1ee-7c18bb12dbed,3,Platform 3 Island Line to Chai Wan,22.28198598000006,114.15782352000008,-6.2299999999959255
